userempty0,Empty User,0,,00000
testjohnny11,Johnny Test,11,imnotreal@gmail.com,abc123
testjohnny11,Johnny Test,11,imnotreal@gmail.com,abc123
testjohnny11,Johnny Test,11,imnotreal@gmail.com,abc123
testjohnny11,Johnny Test,11,imnotreal@gmail.com,abc123
testjohnny11,Johnny Test,11,imnotreal@gmail.com,abc123
testjohnny11,Johnny Test,11,imnotreal@gmail.com,abc123
testjohnny11,Johnny Test,11,imnotreal@gmail.com,abc123
testjohnny11,Johnny Test,11,imnotreal@gmail.com,abc123
testjohnny11,Johnny Test,11,imnotreal@gmail.com,abc123
testjohnny11,Johnny Test,11,imnotreal@gmail.com,abc123
testjohnny11,Johnny Test,11,imnotreal@gmail.com,abc123
testjohnny11,Johnny Test,11,imnotreal@gmail.com,abc123
testjohnny11,Johnny Test,11,imnotreal@gmail.com,abc123
testjohnny11,Johnny Test,11,imnotreal@gmail.com,abc123
testjohnny11,Johnny Test,11,imnotreal@gmail.com,abc123
testjohnny11,Johnny Test,11,imnotreal@gmail.com,abc123
testjohnny11,Johnny Test,11,imnotreal@gmail.com,abc123
testjohnny11,Johnny Test,11,imnotreal@gmail.com,abc123
testjohnny11,Johnny Test,11,imnotreal@gmail.com,abc123
testjohnny11,Johnny Test,11,imnotreal@gmail.com,abc123
testjohnny11,Johnny Test,11,imnotreal@gmail.com,abc123
testjohnny11,Johnny Test,11,imnotreal@gmail.com,abc123
testjohnny11,Johnny Test,11,imnotreal@gmail.com,abc123
testjohnny11,Johnny Test,11,imnotreal@gmail.com,abc123
testjohnny11,Johnny Test,11,imnotreal@gmail.com,abc123
admin0,admin ,0,admin@root.com,password
